time,Open,High,Low,Close
2002-05-10 21:00:00,0.9141,0.9209,0.90275,0.9209
2002-05-17 21:00:00,0.9201,0.92575,0.91985,0.921
2002-05-24 21:00:00,0.9211,0.93705,0.9209,0.9339
2002-05-31 21:00:00,0.9329,0.94765,0.9329,0.944
2002-06-07 21:00:00,0.9432,0.94825,0.9432,0.9456
2002-06-14 21:00:00,0.9453,0.9711,0.94445,0.9711
2002-06-21 21:00:00,0.9706,0.9919,0.97045,0.9919
2002-06-28 21:00:00,0.9915,0.9915,0.9731,0.9731
2002-07-05 21:00:00,0.9746,0.99355,0.9746,0.9915
2002-07-12 21:00:00,0.9912,1.01195,0.9912,1.0117
2002-07-19 21:00:00,1.0107,1.0112,0.9871,0.9871
2002-07-26 21:00:00,0.9867,0.9867,0.9775,0.9866
2002-08-02 21:00:00,0.9864,0.9864,0.96635,0.9704
2002-08-09 21:00:00,0.9698,0.9851,0.9698,0.9851
2002-08-16 21:00:00,0.984,0.984,0.96915,0.973
2002-08-23 21:00:00,0.973,0.98485,0.97195,0.9822
2002-08-30 21:00:00,0.9823,0.99695,0.9823,0.9916
2002-09-06 21:00:00,0.9816,0.98195,0.9717,0.9717
2002-09-13 21:00:00,0.9708,0.98665,0.9692,0.9823
2002-09-20 21:00:00,0.9811,0.9815,0.9762,0.9805
2002-09-27 21:00:00,0.981,0.9879,0.9793,0.9793
2002-10-04 21:00:00,0.9797,0.98975,0.9788,0.9873
2002-10-11 21:00:00,0.9872,0.9872,0.9709,0.9723
2002-10-18 21:00:00,0.9724,0.978,0.9724,0.9761
2002-10-25 21:00:00,0.9765,0.9967,0.9765,0.9967
2002-11-01 22:00:00,0.9972,1.013,0.9971,1.013
2002-11-08 22:00:00,1.01285,1.01285,1.0043,1.0093
2002-11-15 22:00:00,1.0093,1.0093,0.9972,0.9972
2002-11-22 22:00:00,0.9966,0.9968,0.9905,0.9944
2002-11-29 22:00:00,0.9945,1.0098,0.9945,1.0098
2002-12-06 22:00:00,1.0088,1.0229,1.0083,1.0229
2002-12-13 22:00:00,1.0237,1.02845,1.0229,1.0268
2002-12-20 22:00:00,1.0276,1.0439,1.0263,1.0439
2002-12-27 22:00:00,1.0426,1.0493,1.03615,1.0415
2003-01-03 22:00:00,1.0422,1.0579,1.0418,1.0579
2003-01-10 22:00:00,1.0572,1.0669,1.0545,1.0669
2003-01-17 22:00:00,1.0656,1.083,1.0656,1.083
2003-01-24 22:00:00,1.0831,1.0856,1.0765,1.0765
2003-01-31 22:00:00,1.0789,1.0883,1.0781,1.0827
2003-02-07 22:00:00,1.0821,1.0835,1.0718,1.0794
2003-02-14 22:00:00,1.0764,1.0818,1.0691,1.0762
2003-02-21 22:00:00,1.0764,1.08,1.0735,1.08
2003-02-28 22:00:00,1.0801,1.1005,1.0785,1.1005
2003-03-07 22:00:00,1.0996,1.1058,1.0742,1.0742
2003-03-14 22:00:00,1.0753,1.0764,1.0525,1.0525
2003-03-21 22:00:00,1.0528,1.0781,1.0528,1.0781
2003-03-28 22:00:00,1.08,1.0926,1.0731,1.0731
2003-04-04 22:00:00,1.0739,1.079,1.0688,1.0757
2003-04-11 21:00:00,1.0744,1.0915,1.0744,1.08805
2003-04-18 21:00:00,1.08875,1.1036,1.087,1.1036
2003-04-25 21:00:00,1.1037,1.12375,1.0986,1.123
2003-05-02 21:00:00,1.1234,1.14985,1.1231,1.1487
2003-05-09 21:00:00,1.1525,1.1582,1.1385,1.1582
2003-05-16 21:00:00,1.1597,1.1834,1.1597,1.1834
2003-05-23 21:00:00,1.1829,1.19065,1.1763,1.1783
2003-05-30 21:00:00,1.1715,1.1837,1.1642,1.1699
2003-06-06 21:00:00,1.1704,1.1861,1.1673,1.1861
2003-06-13 21:00:00,1.1877,1.1877,1.1602,1.1602
2003-06-20 21:00:00,1.15765,1.15765,1.1425,1.1433
2003-06-27 21:00:00,1.1437,1.1562,1.1437,1.1489
2003-07-04 21:00:00,1.1482,1.1482,1.1297,1.1297
2003-07-11 21:00:00,1.1295,1.1295,1.1174,1.1275
2003-07-18 21:00:00,1.1264,1.1512,1.1264,1.1512
2003-07-25 21:00:00,1.1473,1.1495,1.1232,1.1275
2003-08-01 21:00:00,1.1283,1.1387,1.1283,1.1309
2003-08-08 21:00:00,1.1301,1.1359,1.1262,1.1266
2003-08-15 21:00:00,1.1259,1.1259,1.0877,1.0877
2003-08-22 21:00:00,1.0855,1.0984,1.0855,1.0984
2003-08-29 21:00:00,1.0995,1.1105,1.0809,1.1105
2003-09-05 21:00:00,1.1102,1.1291,1.1068,1.1291
2003-09-12 21:00:00,1.1274,1.1371,1.1177,1.1371
2003-09-19 21:00:00,1.1435,1.1496,1.1435,1.1463
2003-09-26 21:00:00,1.1459,1.1716,1.1459,1.158
2003-10-03 21:00:00,1.1563,1.1811,1.1563,1.1798
2003-10-10 21:00:00,1.181,1.181,1.1585,1.1679
2003-10-17 21:00:00,1.1705,1.1804,1.1636,1.1781
2003-10-24 21:00:00,1.1768,1.1768,1.1583,1.1583
2003-10-31 22:00:00,1.159,1.159,1.1408,1.1535
2003-11-07 22:00:00,1.1514,1.1782,1.1492,1.1782
2003-11-14 22:00:00,1.1786,1.1949,1.1753,1.1917
2003-11-21 22:00:00,1.1918,1.1993,1.1761,1.1993
2003-11-28 22:00:00,1.1984,1.2166,1.1976,1.2166
2003-12-05 22:00:00,1.2166,1.2294,1.2166,1.2294
2003-12-12 22:00:00,1.21615,1.2435,1.21615,1.2378
2003-12-19 22:00:00,1.2406,1.2453,1.2393,1.243
2003-12-26 22:00:00,1.2445,1.2593,1.2445,1.2593
2004-01-02 22:00:00,1.2585,1.2841,1.2585,1.2841
2004-01-09 22:00:00,1.2832,1.2832,1.2373,1.2373
2004-01-16 22:00:00,1.2401,1.271,1.2352,1.2588
2004-01-23 22:00:00,1.2583,1.2639,1.2414,1.2475
2004-01-30 22:00:00,1.2479,1.2702,1.2427,1.2702
2004-02-06 22:00:00,1.2701,1.2826,1.26275,1.2742
2004-02-13 22:00:00,1.2751,1.2837,1.2527,1.2527
2004-02-20 22:00:00,1.2507,1.2685,1.2433,1.2494
2004-02-27 22:00:00,1.2485,1.2485,1.2192,1.2375
2004-03-05 22:00:00,1.2384,1.2408,1.2222,1.2222
2004-03-12 22:00:00,1.2236,1.239,1.2236,1.2276
2004-03-19 22:00:00,1.2282,1.2333,1.2127,1.2127
2004-03-26 22:00:00,1.2121,1.2363,1.2121,1.2136
2004-04-02 22:00:00,1.2118,1.2173,1.2018,1.2093
2004-04-09 21:00:00,1.2091,1.2091,1.1946,1.1994
2004-04-16 21:00:00,1.202,1.2024,1.1842,1.1847
2004-04-23 21:00:00,1.1823,1.1981,1.1823,1.1981
2004-04-30 21:00:00,1.1985,1.2175,1.1881,1.1881
2004-05-07 21:00:00,1.1878,1.1901,1.182,1.1887
2004-05-14 21:00:00,1.1889,1.2027,1.1889,1.1979
2004-05-21 21:00:00,1.1988,1.2263,1.1988,1.2221
2004-05-28 21:00:00,1.2243,1.228,1.21875,1.228
2004-06-04 21:00:00,1.2295,1.2321,1.2005,1.2005
2004-06-11 21:00:00,1.2005,1.2162,1.2005,1.2137
2004-06-18 21:00:00,1.214,1.2177,1.2093,1.2177
2004-06-25 21:00:00,1.2172,1.2316,1.2081,1.2316
2004-07-02 21:00:00,1.23235,1.24135,1.2283,1.24135
2004-07-09 21:00:00,1.24165,1.2451,1.2327,1.2451
2004-07-16 21:00:00,1.24415,1.2443,1.209,1.209
2004-07-23 21:00:00,1.2104,1.2142,1.20195,1.20195
2004-07-30 21:00:00,1.2051,1.228,1.20262,1.228
2004-08-06 21:00:00,1.22895,1.2374,1.2219,1.2374
2004-08-13 21:00:00,1.23725,1.23725,1.232,1.232
2004-08-20 21:00:00,1.23165,1.23165,1.2013,1.2013
2004-08-27 21:00:00,1.20175,1.2189,1.20175,1.2059
2004-09-03 21:00:00,1.2058,1.2263,1.2058,1.2263
2004-09-10 21:00:00,1.22665,1.22665,1.21505,1.2188
2004-09-17 21:00:00,1.2185,1.23361,1.21765,1.2275
2004-09-24 21:00:00,1.2282,1.2434,1.2282,1.2416
2004-10-01 21:00:00,1.23975,1.2409,1.22845,1.2409
2004-10-08 21:00:00,1.24215,1.2467,1.23278,1.2467
2004-10-15 21:00:00,1.24745,1.2683,1.24745,1.2683
2004-10-22 21:00:00,1.26915,1.28067,1.26915,1.2744
2004-10-29 21:00:00,1.28095,1.2966,1.2727,1.2966
2004-11-05 22:00:00,1.2972,1.2977,1.2894,1.2977
2004-11-12 22:00:00,1.29865,1.30325,1.2945,1.3026
2004-11-19 22:00:00,1.3035,1.3295,1.3035,1.3295
2004-11-26 22:00:00,1.32785,1.3457,1.327,1.3457
2004-12-03 22:00:00,1.34475,1.34475,1.3226,1.3226
2004-12-10 22:00:00,1.32125,1.34054,1.32125,1.3287
2004-12-17 22:00:00,1.33325,1.35315,1.33325,1.35315
2004-12-24 22:00:00,1.35335,1.3642,1.35335,1.3568
2004-12-31 22:00:00,1.356,1.35815,1.30248,1.3054
2005-01-07 22:00:00,1.3052,1.32935,1.3049,1.3111
2005-01-14 22:00:00,1.3106,1.3128,1.29198,1.3039
2005-01-21 22:00:00,1.3037,1.31238,1.29438,1.3037
2005-01-28 22:00:00,1.3029,1.30938,1.2865,1.2869
2005-02-04 22:00:00,1.2868,1.2905,1.27332,1.2866
2005-02-11 22:00:00,1.2866,1.30884,1.2866,1.3072
2005-02-18 22:00:00,1.3068,1.32732,1.30322,1.32453
2005-02-25 22:00:00,1.32453,1.3279,1.30894,1.3236
2005-03-04 22:00:00,1.3236,1.34806,1.31804,1.3457
2005-03-11 22:00:00,1.34625,1.3478,1.32652,1.3325
2005-03-18 22:00:00,1.33275,1.33275,1.29296,1.29575
2005-03-25 22:00:00,1.2952,1.30582,1.2858,1.2913
2005-04-01 22:00:00,1.29085,1.29392,1.28012,1.2933
2005-04-08 21:00:00,1.2933,1.30157,1.27666,1.2922
2005-04-15 21:00:00,1.29105,1.3125,1.28776,1.3065
2005-04-22 21:00:00,1.3064,1.30775,1.2854,1.2872
2005-04-29 21:00:00,1.2868,1.29892,1.2811,1.2819
2005-05-06 21:00:00,1.2819,1.29122,1.261,1.2633
2005-05-13 21:00:00,1.2633,1.2691,1.2536,1.2559
2005-05-20 21:00:00,1.2557,1.26272,1.2496,1.2585
2005-05-27 21:00:00,1.2584,1.2585,1.2161,1.2236
2005-06-03 21:00:00,1.2236,1.23526,1.2108,1.2119
2005-06-10 21:00:00,1.2118,1.2289,1.20172,1.2286
2005-06-17 21:00:00,1.228,1.2285,1.1983,1.2091
2005-06-24 21:00:00,1.209,1.21858,1.1939,1.1958
2005-07-01 21:00:00,1.1957,1.20422,1.18692,1.1966
2005-07-08 21:00:00,1.1968,1.2255,1.1958,1.2035
2005-07-15 21:00:00,1.2035,1.2255,1.19538,1.2065
2005-07-22 21:00:00,1.2068,1.216,1.1965,1.2122
2005-07-29 21:00:00,1.2124,1.24028,1.2119,1.2359
2005-08-05 21:00:00,1.2359,1.24866,1.2316,1.2443
2005-08-12 21:00:00,1.2441,1.2463,1.21258,1.2153
2005-08-19 21:00:00,1.2153,1.23424,1.2153,1.22897
2005-08-26 21:00:00,1.22927,1.25892,1.21718,1.2531
2005-09-02 21:00:00,1.2531,1.25846,1.23766,1.2409
2005-09-09 21:00:00,1.2406,1.2426,1.21935,1.2237
2005-09-16 21:00:00,1.2237,1.2269,1.2039,1.2039
2005-09-23 21:00:00,1.2039,1.20902,1.19796,1.2027
2005-09-30 21:00:00,1.2027,1.22038,1.1902,1.2128
2005-10-07 21:00:00,1.2129,1.21532,1.19148,1.2075
2005-10-14 21:00:00,1.2074,1.2121,1.18756,1.1953
2005-10-21 21:00:00,1.1953,1.21732,1.19235,1.207
2005-10-28 21:00:00,1.20689,1.20892,1.18035,1.18125
2005-11-04 22:00:00,1.18115,1.19776,1.1671,1.1734
2005-11-11 22:00:00,1.1734,1.17952,1.16402,1.1774
2005-11-18 22:00:00,1.1774,1.1866,1.16858,1.1724
2005-11-25 22:00:00,1.1707,1.1902,1.16608,1.1718
2005-12-02 22:00:00,1.1718,1.18488,1.16892,1.1812
2005-12-09 22:00:00,1.1812,1.20615,1.1777,1.2013
2005-12-16 22:00:00,1.2013,1.2039,1.18011,1.1868
2005-12-23 22:00:00,1.1868,1.19321,1.17785,1.1848
2005-12-30 22:00:00,1.185,1.21808,1.18015,1.2152
2006-01-06 22:00:00,1.2152,1.21632,1.20072,1.2143
2006-01-13 22:00:00,1.213,1.2175,1.20408,1.2134
2006-01-20 22:00:00,1.2134,1.23232,1.20876,1.2094
2006-01-27 22:00:00,1.2103,1.2188,1.19685,1.2024
2006-02-03 22:00:00,1.2024,1.2047,1.18936,1.1906
2006-02-10 22:00:00,1.1902,1.19542,1.18502,1.1939
2006-02-17 22:00:00,1.1939,1.1974,1.18622,1.18768
2006-02-24 22:00:00,1.18781,1.20528,1.1827,1.2045
2006-03-03 22:00:00,1.2044,1.2094,1.18614,1.1909
2006-03-10 22:00:00,1.1909,1.22066,1.1907,1.2191
2006-03-17 22:00:00,1.2195,1.21962,1.19518,1.2034
2006-03-24 22:00:00,1.2036,1.2175,1.19808,1.2118
2006-03-31 22:00:00,1.2117,1.2332,1.20342,1.2093
2006-04-07 21:00:00,1.2095,1.2169,1.20668,1.211
2006-04-14 21:00:00,1.2112,1.2394,1.2112,1.234
2006-04-21 21:00:00,1.2344,1.2641,1.23342,1.2634
2006-04-28 21:00:00,1.263,1.2766,1.2557,1.27272
2006-05-05 21:00:00,1.2725,1.29578,1.26622,1.29275
2006-05-12 21:00:00,1.29285,1.29697,1.26944,1.2778
2006-05-19 21:00:00,1.2777,1.28908,1.26946,1.27379
2006-05-26 21:00:00,1.27359,1.29404,1.27179,1.29177
2006-06-02 21:00:00,1.29187,1.2979,1.25968,1.26387
2006-06-09 21:00:00,1.26387,1.2672,1.25308,1.26425
2006-06-16 21:00:00,1.26455,1.26788,1.2479,1.25065
2006-06-23 21:00:00,1.2504,1.27943,1.2504,1.2791
2006-06-30 21:00:00,1.2789,1.28676,1.27078,1.28105
2006-07-07 21:00:00,1.28105,1.28214,1.26266,1.26515
2006-07-14 21:00:00,1.26495,1.26965,1.24576,1.2695
2006-07-21 21:00:00,1.2695,1.27716,1.2559,1.27585
2006-07-28 21:00:00,1.2759,1.29085,1.2721,1.28745
2006-08-04 21:00:00,1.288,1.29128,1.27168,1.27193
2006-08-11 21:00:00,1.27188,1.28876,1.26946,1.28245
2006-08-18 21:00:00,1.28245,1.2938,1.27268,1.27525
2006-08-25 21:00:00,1.2762,1.28798,1.27512,1.2834
2006-09-01 21:00:00,1.2836,1.2874,1.2652,1.26732
2006-09-08 21:00:00,1.26752,1.27527,1.26316,1.2664
2006-09-15 21:00:00,1.2658,1.28304,1.26305,1.2784
2006-09-22 21:00:00,1.27835,1.28196,1.26394,1.26735
2006-09-29 21:00:00,1.26745,1.27872,1.2573,1.26009
2006-10-06 21:00:00,1.26009,1.26144,1.2483,1.25135
2006-10-13 21:00:00,1.25125,1.26416,1.249,1.26179
2006-10-20 21:00:00,1.26184,1.275,1.25252,1.27409
2006-10-27 21:00:00,1.27385,1.2799,1.2679,1.27175
2006-11-03 22:00:00,1.27165,1.29008,1.26902,1.28406
2006-11-10 22:00:00,1.28446,1.2878,1.2763,1.28275
2006-11-17 22:00:00,1.28275,1.311,1.27988,1.3094
2006-11-24 22:00:00,1.30925,1.33478,1.30856,1.33385
2006-12-01 22:00:00,1.33335,1.3367,1.31926,1.32025
2006-12-08 22:00:00,1.32005,1.32906,1.30606,1.30805
2006-12-15 22:00:00,1.30805,1.3246,1.3053,1.3128
2006-12-22 22:00:00,1.31103,1.32055,1.30905,1.31977
2006-12-29 22:00:00,1.31977,1.32964,1.2982,1.30025
2007-01-05 22:00:00,1.3007,1.30357,1.28666,1.29235
2007-01-12 22:00:00,1.29296,1.30014,1.2897,1.29571
2007-01-19 22:00:00,1.29591,1.30444,1.28719,1.2917
2007-01-26 22:00:00,1.29172,1.30648,1.28996,1.29616
2007-02-02 22:00:00,1.29636,1.30442,1.29139,1.30085
2007-02-09 22:00:00,1.30085,1.31728,1.29417,1.31382
2007-02-16 22:00:00,1.31365,1.31896,1.30812,1.31665
2007-02-23 22:00:00,1.31685,1.3259,1.31436,1.3192
2007-03-02 22:00:00,1.31925,1.32125,1.30725,1.31155
2007-03-09 22:00:00,1.31525,1.33397,1.3109,1.33179
2007-03-16 21:00:00,1.33179,1.34112,1.32717,1.32835
2007-03-23 21:00:00,1.32855,1.33994,1.32541,1.33545
2007-03-30 21:00:00,1.33645,1.34405,1.33197,1.33775
2007-04-06 21:00:00,1.33795,1.35538,1.33408,1.35275
2007-04-13 21:00:00,1.35532,1.36377,1.35258,1.35903
2007-04-20 21:00:00,1.35907,1.36808,1.3542,1.36522
2007-04-27 21:00:00,1.36525,1.36782,1.35359,1.3591
2007-05-04 21:00:00,1.35945,1.36277,1.34615,1.35245
2007-05-11 21:00:00,1.35385,1.36092,1.34652,1.35084
2007-05-18 21:00:00,1.35105,1.3531,1.341,1.34414
2007-05-25 21:00:00,1.34404,1.35212,1.33919,1.34509
2007-06-01 21:00:00,1.34509,1.35542,1.33204,1.33734
2007-06-08 21:00:00,1.33745,1.33894,1.32638,1.33887
2007-06-15 21:00:00,1.33855,1.347,1.33728,1.3469
2007-06-22 21:00:00,1.34695,1.35415,1.34157,1.3541
2007-06-29 21:00:00,1.35415,1.36591,1.35288,1.36278
2007-07-06 21:00:00,1.36328,1.38133,1.35943,1.37835
2007-07-13 21:00:00,1.3788,1.38437,1.37528,1.38272
2007-07-20 21:00:00,1.38325,1.38522,1.36272,1.36352
2007-07-27 21:00:00,1.3635,1.38189,1.36093,1.37735
2007-08-03 21:00:00,1.37735,1.38405,1.36419,1.36939
2007-08-10 21:00:00,1.36932,1.37087,1.33612,1.34745
2007-08-17 21:00:00,1.3481,1.36817,1.34512,1.36754
2007-08-24 21:00:00,1.36769,1.37196,1.3563,1.36295
2007-08-31 21:00:00,1.36335,1.3799,1.35517,1.3768
2007-09-07 21:00:00,1.37755,1.39275,1.37666,1.38745
2007-09-14 21:00:00,1.38795,1.41204,1.38286,1.4091
2007-09-21 21:00:00,1.4088,1.42786,1.40616,1.4267
2007-09-28 21:00:00,1.4273,1.42815,1.40322,1.41353
2007-10-05 21:00:00,1.41353,1.42412,1.40152,1.41787
2007-10-12 21:00:00,1.41884,1.43196,1.41448,1.43011
2007-10-19 21:00:00,1.431,1.43944,1.41266,1.43929
2007-10-26 21:00:00,1.43979,1.45284,1.43748,1.45043
2007-11-02 21:00:00,1.45067,1.47526,1.44434,1.46783
2007-11-09 22:00:00,1.46753,1.47254,1.45206,1.46622
2007-11-16 22:00:00,1.46622,1.49682,1.46218,1.48375
2007-11-23 22:00:00,1.4823,1.49082,1.46285,1.46335
2007-11-30 22:00:00,1.46375,1.4771,1.45278,1.46578
2007-12-07 22:00:00,1.46542,1.47504,1.44118,1.44297
2007-12-14 22:00:00,1.44067,1.44534,1.43106,1.4382
2007-12-21 22:00:00,1.43735,1.4728,1.43665,1.47233
2007-12-28 22:00:00,1.47235,1.48254,1.45715,1.47429
2008-01-04 22:00:00,1.47451,1.48194,1.46394,1.47767
2008-01-11 22:00:00,1.47842,1.49224,1.45896,1.46212
2008-01-18 22:00:00,1.46204,1.47794,1.43664,1.46813
2008-01-25 22:00:00,1.46824,1.49534,1.46612,1.48025
2008-02-01 22:00:00,1.48085,1.48492,1.44392,1.45056
2008-02-08 22:00:00,1.4506,1.47098,1.44818,1.4682
2008-02-15 22:00:00,1.46777,1.48636,1.46112,1.48267
2008-02-22 22:00:00,1.48282,1.5239,1.47778,1.51786
2008-02-29 22:00:00,1.51862,1.54625,1.51458,1.53557
2008-03-07 22:00:00,1.53507,1.56878,1.5283,1.56737
2008-03-14 21:00:00,1.56702,1.5905,1.53968,1.54339
2008-03-21 21:00:00,1.54395,1.58594,1.53415,1.57946
2008-03-28 21:00:00,1.5793,1.5897,1.55108,1.57375
2008-04-04 21:00:00,1.57357,1.59132,1.56276,1.58073
2008-04-11 21:00:00,1.58055,1.59844,1.56545,1.58172
2008-04-18 21:00:00,1.58174,1.60194,1.55556,1.56302
2008-04-25 21:00:00,1.5627,1.56932,1.53608,1.5424
2008-05-02 21:00:00,1.54175,1.55942,1.52852,1.54829
2008-05-09 21:00:00,1.54859,1.56011,1.53658,1.55767
2008-05-16 21:00:00,1.5583,1.58136,1.5486,1.57621
2008-05-23 21:00:00,1.57614,1.5818,1.54622,1.55539
2008-05-30 21:00:00,1.55555,1.57781,1.53654,1.57777
2008-06-06 21:00:00,1.57802,1.58432,1.53038,1.53798
2008-06-13 21:00:00,1.53812,1.56512,1.5346,1.56069
2008-06-20 21:00:00,1.56078,1.57943,1.54688,1.57943
2008-06-27 21:00:00,1.57896,1.59096,1.56555,1.57094
2008-07-04 21:00:00,1.57027,1.59474,1.56116,1.59383
2008-07-11 21:00:00,1.59374,1.60388,1.5784,1.58477
2008-07-18 21:00:00,1.58477,1.59452,1.56288,1.57095
2008-07-25 21:00:00,1.5703,1.57682,1.55148,1.55634
2008-08-01 21:00:00,1.55639,1.56312,1.49978,1.50052
2008-08-08 21:00:00,1.50102,1.5084,1.46592,1.46857
2008-08-15 21:00:00,1.46826,1.49084,1.46304,1.47931
2008-08-22 21:00:00,1.4783,1.48114,1.45718,1.46735
2008-08-29 21:00:00,1.46955,1.4723,1.41962,1.4268
2008-09-05 21:00:00,1.42717,1.44295,1.38829,1.4226
2008-09-12 21:00:00,1.42285,1.45417,1.4072,1.44673
2008-09-19 21:00:00,1.44662,1.48662,1.4437,1.46121
2008-09-26 21:00:00,1.46077,1.46355,1.3702,1.3773
2008-10-03 21:00:00,1.37745,1.37852,1.32581,1.34052
2008-10-10 21:00:00,1.34052,1.37696,1.33454,1.34108
2008-10-17 21:00:00,1.34108,1.35301,1.2497,1.26235
2008-10-24 21:00:00,1.26162,1.32982,1.23298,1.27238
2008-10-31 21:00:00,1.27242,1.31165,1.25275,1.27184
2008-11-07 22:00:00,1.27159,1.2927,1.23888,1.26047
2008-11-14 22:00:00,1.25951,1.28146,1.24217,1.25873
2008-11-21 22:00:00,1.25873,1.30818,1.25684,1.26909
2008-11-28 22:00:00,1.26909,1.28488,1.25494,1.27162
2008-12-05 22:00:00,1.27188,1.34152,1.27155,1.33674
2008-12-12 22:00:00,1.33674,1.47204,1.3353,1.39128
2008-12-19 22:00:00,1.39108,1.41248,1.39016,1.40303
2008-12-26 22:00:00,1.40299,1.43636,1.38398,1.39211
2009-01-02 22:00:00,1.39181,1.3963,1.33119,1.34767
2009-01-09 22:00:00,1.34757,1.3487,1.30262,1.32667
2009-01-16 22:00:00,1.32719,1.33865,1.27666,1.29879
2009-01-23 22:00:00,1.29718,1.33305,1.27633,1.28127
2009-01-30 22:00:00,1.28105,1.30698,1.2704,1.29402
2009-02-06 22:00:00,1.29401,1.3094,1.27214,1.28624
2009-02-13 22:00:00,1.28623,1.2884,1.25134,1.28264
2009-02-20 22:00:00,1.28225,1.2992,1.26047,1.26686
2009-02-27 22:00:00,1.26716,1.27544,1.24562,1.26544
2009-03-06 22:00:00,1.26568,1.29576,1.25562,1.29294
2009-03-13 21:00:00,1.29294,1.3739,1.2837,1.35815
2009-03-20 21:00:00,1.35816,1.37359,1.32576,1.3288
2009-03-27 21:00:00,1.32895,1.3517,1.31131,1.34845
2009-04-03 21:00:00,1.3494,1.35825,1.30925,1.31855
2009-04-10 21:00:00,1.31833,1.33919,1.30178,1.30447
2009-04-17 21:00:00,1.30446,1.3301,1.28854,1.3242
2009-04-24 21:00:00,1.32402,1.33856,1.29649,1.32745
2009-05-01 21:00:00,1.32705,1.36508,1.32125,1.36333
2009-05-08 21:00:00,1.36346,1.37222,1.34614,1.34953
2009-05-15 21:00:00,1.34925,1.40509,1.34236,1.39982
2009-05-22 21:00:00,1.40034,1.41692,1.37928,1.41575
2009-05-29 21:00:00,1.41485,1.43386,1.39327,1.39683
2009-06-05 21:00:00,1.39706,1.41778,1.38058,1.40165
2009-06-12 21:00:00,1.40105,1.40336,1.37482,1.39365
2009-06-19 21:00:00,1.39385,1.41384,1.38268,1.40555
2009-06-26 21:00:00,1.4057,1.42012,1.39284,1.39801
2009-07-03 21:00:00,1.39796,1.40731,1.38328,1.39368
2009-07-10 21:00:00,1.39341,1.41662,1.38979,1.41015
2009-07-17 21:00:00,1.4099,1.42914,1.4096,1.42021
2009-07-24 21:00:00,1.42082,1.43046,1.40078,1.42571
2009-07-31 21:00:00,1.42708,1.44476,1.41544,1.41795
2009-08-07 21:00:00,1.41838,1.43278,1.40874,1.42028
2009-08-14 21:00:00,1.4203,1.43764,1.40456,1.4326
2009-08-21 21:00:00,1.43288,1.44066,1.42072,1.43029
2009-08-28 21:00:00,1.43134,1.43782,1.41778,1.4296
2009-09-04 21:00:00,1.42935,1.46352,1.42907,1.45709
2009-09-11 21:00:00,1.45783,1.47672,1.45162,1.47111
2009-09-18 21:00:00,1.4705,1.48446,1.4612,1.46893
2009-09-25 21:00:00,1.46986,1.47206,1.44808,1.45761
2009-10-02 21:00:00,1.45764,1.48178,1.45763,1.4732
2009-10-09 21:00:00,1.47314,1.49678,1.46768,1.4905
2009-10-16 21:00:00,1.4907,1.50596,1.48285,1.50082
2009-10-23 21:00:00,1.50027,1.50634,1.46834,1.47193
2009-10-30 21:00:00,1.47157,1.4918,1.46268,1.48474
2009-11-06 22:00:00,1.48477,1.50484,1.48214,1.49026
2009-11-13 22:00:00,1.49026,1.50154,1.48014,1.48616
2009-11-20 22:00:00,1.48619,1.5144,1.48286,1.49888
2009-11-27 22:00:00,1.49891,1.51412,1.48218,1.48578
2009-12-04 22:00:00,1.4858,1.49048,1.4586,1.4615
2009-12-11 22:00:00,1.46148,1.46854,1.42612,1.43376
2009-12-18 22:00:00,1.43381,1.44184,1.42173,1.4388
2009-12-25 22:00:00,1.4358,1.44582,1.4274,1.4312
2010-01-01 22:00:00,1.4312,1.44839,1.42576,1.44055
2010-01-08 22:00:00,1.43998,1.45792,1.43368,1.43863
2010-01-15 22:00:00,1.43842,1.44142,1.40292,1.41362
2010-01-22 22:00:00,1.41364,1.41942,1.38623,1.38624
2010-01-29 22:00:00,1.38624,1.40264,1.35858,1.3679
2010-02-05 22:00:00,1.3679,1.38392,1.35318,1.36318
2010-02-12 22:00:00,1.36333,1.37884,1.34438,1.36124
2010-02-19 22:00:00,1.36145,1.3692,1.34522,1.36318
2010-02-26 22:00:00,1.36323,1.37362,1.34346,1.3625
2010-03-05 22:00:00,1.36255,1.37962,1.35378,1.37686
2010-03-12 22:00:00,1.37689,1.38182,1.3503,1.35293
2010-03-19 21:00:00,1.35225,1.35692,1.32666,1.34099
2010-03-26 21:00:00,1.34077,1.35911,1.33848,1.35039
2010-04-02 21:00:00,1.35037,1.35377,1.32826,1.34991
2010-04-09 21:00:00,1.34995,1.3692,1.34726,1.35028
2010-04-16 21:00:00,1.35015,1.35254,1.3202,1.33842
2010-04-23 21:00:00,1.33858,1.34162,1.31144,1.32945
2010-04-30 21:00:00,1.329,1.33591,1.25157,1.27528
2010-05-07 21:00:00,1.27532,1.30942,1.23542,1.23585
2010-05-14 21:00:00,1.23589,1.26727,1.21445,1.25717
2010-05-21 21:00:00,1.25708,1.25862,1.21541,1.22731
2010-05-28 21:00:00,1.22688,1.2354,1.19562,1.19673
2010-06-04 21:00:00,1.1967,1.21524,1.18765,1.21123
2010-06-11 21:00:00,1.21118,1.24164,1.21079,1.23885
2010-06-18 21:00:00,1.23875,1.24849,1.22092,1.23694
2010-06-25 21:00:00,1.23744,1.26112,1.21516,1.2566
2010-07-02 21:00:00,1.2566,1.27222,1.24804,1.26409
2010-07-09 21:00:00,1.26402,1.3007,1.25226,1.29298
2010-07-16 21:00:00,1.29304,1.30284,1.2733,1.29105
2010-07-23 21:00:00,1.29101,1.31064,1.28576,1.30506
2010-07-30 21:00:00,1.30521,1.33352,1.30492,1.32795
2010-08-06 21:00:00,1.328,1.33076,1.27504,1.2754
2010-08-13 21:00:00,1.27535,1.29222,1.26634,1.27115
2010-08-20 21:00:00,1.27105,1.27792,1.25878,1.27631
2010-08-27 21:00:00,1.27618,1.28975,1.26258,1.2896
2010-09-03 21:00:00,1.28955,1.29186,1.26444,1.26797
2010-09-10 21:00:00,1.26815,1.31586,1.26763,1.30495
2010-09-17 21:00:00,1.30498,1.34952,1.30294,1.34913
2010-09-24 21:00:00,1.34922,1.37924,1.33814,1.37916
2010-10-01 21:00:00,1.3791,1.40294,1.36376,1.3941
2010-10-08 21:00:00,1.3936,1.41592,1.37754,1.39772
2010-10-15 21:00:00,1.39803,1.40503,1.36978,1.39535
2010-10-22 21:00:00,1.3955,1.408,1.37342,1.39467
2010-10-29 21:00:00,1.39469,1.42822,1.38644,1.40323
2010-11-05 21:00:00,1.40314,1.40859,1.35739,1.36908
2010-11-12 22:00:00,1.36905,1.37508,1.3447,1.36725
2010-11-19 22:00:00,1.36725,1.37863,1.32011,1.32417
2010-11-26 22:00:00,1.32422,1.34388,1.29691,1.34149
2010-12-03 22:00:00,1.34174,1.34462,1.31648,1.3226
2010-12-10 22:00:00,1.32265,1.34984,1.31336,1.31879
2010-12-17 22:00:00,1.31883,1.32019,1.30556,1.31215
2010-12-24 22:00:00,1.31235,1.34242,1.30726,1.33836
2010-12-31 22:00:00,1.33815,1.3434,1.29057,1.29073
2011-01-07 22:00:00,1.29093,1.34572,1.28607,1.3388
2011-01-14 22:00:00,1.33865,1.36255,1.32446,1.36213
2011-01-21 22:00:00,1.36209,1.37586,1.35408,1.36111
2011-01-28 22:00:00,1.36111,1.38616,1.35438,1.35813
2011-02-04 22:00:00,1.35809,1.37443,1.34977,1.35574
2011-02-11 22:00:00,1.35514,1.37151,1.34291,1.36931
2011-02-18 22:00:00,1.36931,1.3838,1.35258,1.37536
2011-02-25 22:00:00,1.37539,1.40071,1.37115,1.3987
2011-03-04 22:00:00,1.3988,1.4036,1.37522,1.39029
2011-03-11 22:00:00,1.39029,1.41842,1.38556,1.41819
2011-03-18 21:00:00,1.41819,1.42484,1.4054,1.40882
2011-03-25 21:00:00,1.40882,1.42455,1.40208,1.42339
2011-04-01 21:00:00,1.42339,1.44882,1.41518,1.44836
2011-04-08 21:00:00,1.4483,1.45204,1.43656,1.44303
2011-04-15 21:00:00,1.44303,1.46485,1.41572,1.45672
2011-04-22 21:00:00,1.45672,1.4882,1.44938,1.48074
2011-04-29 21:00:00,1.48074,1.49402,1.43102,1.4314
2011-05-06 21:00:00,1.4314,1.44423,1.40666,1.41184
2011-05-13 21:00:00,1.41184,1.43456,1.40484,1.41561
2011-05-20 21:00:00,1.41561,1.43242,1.39698,1.43175
2011-05-27 21:00:00,1.43175,1.46426,1.42573,1.46353
2011-06-03 21:00:00,1.46353,1.46963,1.43224,1.4347
2011-06-10 21:00:00,1.4347,1.44971,1.4074,1.4313
2011-06-17 21:00:00,1.4313,1.4442,1.41265,1.41878
2011-06-24 21:00:00,1.41878,1.45519,1.41027,1.45253
2011-07-01 21:00:00,1.45253,1.45779,1.42058,1.42642
2011-07-08 21:00:00,1.42642,1.42983,1.38372,1.416
2011-07-15 21:00:00,1.416,1.44373,1.40145,1.43598
2011-07-22 21:00:00,1.43598,1.45361,1.42297,1.4396
2011-07-29 21:00:00,1.4396,1.44537,1.40554,1.428
2011-08-05 21:00:00,1.428,1.44334,1.4104,1.42485
2011-08-12 21:00:00,1.42485,1.45174,1.42266,1.4396
2011-08-19 21:00:00,1.4396,1.45018,1.43281,1.44989
2011-08-26 21:00:00,1.44989,1.45487,1.41844,1.42057
2011-09-02 21:00:00,1.42057,1.42838,1.36268,1.36531
2011-09-09 21:00:00,1.36531,1.3937,1.34957,1.38013
2011-09-16 21:00:00,1.38013,1.38013,1.33852,1.35002
2011-09-23 21:00:00,1.35002,1.36902,1.33626,1.33875
2011-09-30 21:00:00,1.33875,1.35249,1.31459,1.33771
2011-10-07 21:00:00,1.33771,1.38941,1.33462,1.38813
2011-10-14 21:00:00,1.38813,1.39143,1.36533,1.3895
2011-10-21 21:00:00,1.3895,1.42473,1.37982,1.41495
2011-10-28 21:00:00,1.41495,1.41716,1.36086,1.37893
2011-11-04 21:00:00,1.37893,1.38589,1.3484,1.37516
2011-11-11 22:00:00,1.37516,1.38137,1.34221,1.35255
2011-11-18 22:00:00,1.35255,1.35687,1.32123,1.32425
2011-11-25 22:00:00,1.32425,1.35486,1.32385,1.33939
2011-12-02 22:00:00,1.33939,1.34862,1.32822,1.33874
2011-12-09 22:00:00,1.33874,1.33874,1.29458,1.30435
2011-12-16 22:00:00,1.3041,1.31984,1.29832,1.30432
2011-12-23 22:00:00,1.30432,1.30831,1.28584,1.29619
2011-12-30 22:00:00,1.29525,1.30766,1.26974,1.27194
2012-01-06 22:00:00,1.27194,1.28783,1.26242,1.26811
2012-01-13 22:00:00,1.26811,1.2986,1.26264,1.2932
2012-01-20 22:00:00,1.2932,1.32342,1.28565,1.32198
2012-01-27 22:00:00,1.32138,1.32334,1.30264,1.31577
2012-02-03 22:00:00,1.31577,1.33218,1.30279,1.31971
2012-02-10 22:00:00,1.31971,1.3284,1.29748,1.31396
2012-02-17 22:00:00,1.31396,1.34865,1.31396,1.3449
2012-02-24 22:00:00,1.3449,1.34856,1.31872,1.31983
2012-03-02 22:00:00,1.31983,1.32912,1.30967,1.31237
2012-03-09 22:00:00,1.31177,1.31915,1.30044,1.31755
2012-03-16 21:00:00,1.31755,1.32936,1.3134,1.32697
2012-03-23 21:00:00,1.32697,1.33855,1.31923,1.33424
2012-03-30 21:00:00,1.33424,1.33803,1.30351,1.30964
2012-04-06 21:00:00,1.30937,1.32127,1.30337,1.30774
2012-04-13 21:00:00,1.30774,1.32279,1.29952,1.32192
2012-04-20 21:00:00,1.32192,1.32702,1.31048,1.32551
2012-04-27 21:00:00,1.32551,1.32838,1.30805,1.30837
2012-05-04 21:00:00,1.30837,1.30837,1.29054,1.29169
2012-05-11 21:00:00,1.29169,1.2935,1.26427,1.27815
2012-05-18 21:00:00,1.27815,1.28243,1.24964,1.25194
2012-05-25 21:00:00,1.25194,1.26244,1.22886,1.24346
2012-06-01 21:00:00,1.24316,1.26254,1.23862,1.25168
2012-06-08 21:00:00,1.25131,1.26714,1.24428,1.26383
2012-06-15 21:00:00,1.26383,1.27477,1.25196,1.25698
2012-06-22 21:00:00,1.25698,1.2693,1.24076,1.26643
2012-06-29 21:00:00,1.26699,1.2681,1.22605,1.22865
2012-07-06 21:00:00,1.22865,1.23338,1.21626,1.22493
2012-07-13 21:00:00,1.22493,1.23244,1.21442,1.21565
2012-07-20 21:00:00,1.21565,1.23898,1.20424,1.23201
2012-07-27 21:00:00,1.23201,1.24053,1.21338,1.23863
2012-08-03 21:00:00,1.23863,1.24434,1.22414,1.22889
2012-08-10 21:00:00,1.22889,1.23856,1.22562,1.23336
2012-08-17 21:00:00,1.23336,1.25898,1.22954,1.25121
2012-08-24 21:00:00,1.25121,1.26376,1.24654,1.2576
2012-08-31 21:00:00,1.2576,1.28174,1.25018,1.28161
2012-09-07 21:00:00,1.28161,1.31688,1.27553,1.31283
2012-09-14 21:00:00,1.31283,1.3172,1.29193,1.29799
2012-09-21 21:00:00,1.29799,1.29906,1.28288,1.28579
2012-09-28 21:00:00,1.28579,1.30715,1.2804,1.30389
2012-10-05 21:00:00,1.30389,1.30389,1.28254,1.29529
2012-10-12 21:00:00,1.29529,1.31394,1.28913,1.30244
2012-10-19 21:00:00,1.30244,1.30834,1.28828,1.29371
2012-10-26 21:00:00,1.29371,1.30205,1.28213,1.28375
2012-11-02 21:00:00,1.28375,1.28766,1.26902,1.27135
2012-11-09 22:00:00,1.27135,1.28021,1.26617,1.27427
2012-11-16 22:00:00,1.27442,1.29912,1.27366,1.29755
2012-11-23 22:00:00,1.29755,1.30276,1.28803,1.29851
2012-11-30 22:00:00,1.29851,1.31268,1.28763,1.29269
2012-12-07 22:00:00,1.29269,1.31736,1.28857,1.3163
2012-12-14 22:00:00,1.31724,1.3308,1.31441,1.31881
2012-12-21 22:00:00,1.31809,1.32838,1.31659,1.32166
2012-12-28 22:00:00,1.32118,1.32994,1.29976,1.30688
2013-01-04 22:00:00,1.30688,1.3366,1.30166,1.33427
2013-01-11 22:00:00,1.33427,1.3404,1.32566,1.33202
2013-01-18 22:00:00,1.33202,1.34792,1.32644,1.34634
2013-01-25 22:00:00,1.34515,1.3711,1.34146,1.36404
2013-02-01 22:00:00,1.36404,1.366,1.33533,1.33656
2013-02-08 22:00:00,1.33656,1.35202,1.33064,1.33606
2013-02-15 22:00:00,1.33606,1.34342,1.31451,1.3191
2013-02-22 22:00:00,1.32175,1.3319,1.29666,1.302
2013-03-01 22:00:00,1.302,1.31345,1.29552,1.30047
2013-03-08 22:00:00,1.30047,1.31074,1.29116,1.30755
2013-03-15 21:00:00,1.30755,1.30755,1.28435,1.29878
2013-03-22 21:00:00,1.29879,1.30482,1.2751,1.28185
2013-03-29 21:00:00,1.28056,1.304,1.27453,1.29912
2013-04-05 21:00:00,1.29736,1.31384,1.29684,1.3112
2013-04-12 21:00:00,1.3112,1.32016,1.30012,1.3052
2013-04-19 21:00:00,1.30762,1.30935,1.29543,1.30304
2013-04-26 21:00:00,1.3049,1.32428,1.30318,1.31146
2013-05-03 21:00:00,1.3123,1.31942,1.29355,1.29901
2013-05-10 21:00:00,1.29702,1.30293,1.27964,1.28388
2013-05-17 21:00:00,1.28426,1.29982,1.28194,1.2932
2013-05-24 21:00:00,1.29345,1.30614,1.28379,1.29973
2013-05-31 21:00:00,1.29939,1.33064,1.29554,1.32184
2013-06-07 21:00:00,1.3192,1.33902,1.31777,1.3346
2013-06-14 21:00:00,1.33482,1.34174,1.30987,1.31216
2013-06-21 21:00:00,1.30922,1.31508,1.29848,1.30101
2013-06-28 21:00:00,1.30162,1.30782,1.28062,1.283
2013-07-05 21:00:00,1.28116,1.32074,1.27553,1.30676
2013-07-12 21:00:00,1.3078,1.31786,1.29934,1.31426
2013-07-19 21:00:00,1.31388,1.3297,1.31364,1.32792
2013-07-26 21:00:00,1.32859,1.33452,1.31891,1.3281
2013-08-02 21:00:00,1.32829,1.34006,1.32328,1.33416
2013-08-09 21:00:00,1.33212,1.338,1.32054,1.33278
2013-08-16 21:00:00,1.33353,1.3452,1.32984,1.33822
2013-08-23 21:00:00,1.33854,1.33988,1.31732,1.3221
2013-08-30 21:00:00,1.32143,1.32274,1.3105,1.31804
2013-09-06 21:00:00,1.31631,1.3325,1.31618,1.32958
2013-09-13 21:00:00,1.33553,1.35688,1.33252,1.35251
2013-09-20 21:00:00,1.3549,1.35646,1.34619,1.35228
2013-09-27 21:00:00,1.35221,1.36464,1.34778,1.35574
2013-10-04 21:00:00,1.35646,1.36072,1.34856,1.35424
2013-10-11 21:00:00,1.35605,1.37044,1.34726,1.3686
2013-10-18 21:00:00,1.36834,1.38327,1.3651,1.38032
2013-10-25 21:00:00,1.38077,1.38178,1.348,1.34868
2013-11-01 21:00:00,1.34868,1.35477,1.3295,1.33693
2013-11-08 22:00:00,1.33587,1.3506,1.3345,1.34961
2013-11-15 22:00:00,1.34968,1.35798,1.33992,1.3558
2013-11-22 22:00:00,1.35493,1.36218,1.34902,1.35912
2013-11-29 22:00:00,1.35892,1.37066,1.35244,1.37062
2013-12-06 22:00:00,1.37144,1.38108,1.36944,1.37432
2013-12-13 22:00:00,1.37301,1.38118,1.3625,1.36738
2013-12-20 22:00:00,1.36738,1.38942,1.36551,1.37497
2013-12-27 22:00:00,1.37586,1.38192,1.35825,1.35888
2014-01-03 22:00:00,1.35936,1.36874,1.35484,1.36702
2014-01-10 22:00:00,1.36796,1.36996,1.35173,1.35414
2014-01-17 22:00:00,1.35382,1.37398,1.35076,1.36784
2014-01-24 22:00:00,1.36786,1.37169,1.3479,1.34854
2014-01-31 22:00:00,1.3483,1.36453,1.34769,1.3635
2014-02-07 22:00:00,1.36162,1.3715,1.35623,1.36922
2014-02-14 22:00:00,1.37092,1.37734,1.36852,1.37393
2014-02-21 22:00:00,1.37352,1.3825,1.36432,1.38028
2014-02-28 22:00:00,1.37609,1.39154,1.37074,1.38784
2014-03-07 22:00:00,1.38756,1.39668,1.38338,1.39112
2014-03-14 21:00:00,1.39093,1.39477,1.37492,1.37922
2014-03-21 21:00:00,1.37978,1.38761,1.3705,1.37521
2014-03-28 21:00:00,1.37632,1.38206,1.36728,1.37048
2014-04-04 21:00:00,1.36983,1.39058,1.36964,1.38846
2014-04-11 21:00:00,1.38429,1.38648,1.37904,1.38105
2014-04-18 21:00:00,1.38132,1.38546,1.3785,1.38324
2014-04-25 21:00:00,1.38457,1.38894,1.37744,1.3874
2014-05-02 21:00:00,1.3885,1.39936,1.37452,1.37609
2014-05-09 21:00:00,1.37538,1.3775,1.36486,1.36938
2014-05-16 21:00:00,1.36926,1.37344,1.36158,1.363
2014-05-23 21:00:00,1.36238,1.36686,1.35862,1.36326
2014-05-30 21:00:00,1.36376,1.36772,1.35034,1.36438
2014-06-06 21:00:00,1.36434,1.36692,1.35123,1.35421
2014-06-13 21:00:00,1.35424,1.36437,1.3513,1.35996
2014-06-20 21:00:00,1.35898,1.36512,1.35741,1.3648
2014-06-27 21:00:00,1.36436,1.37006,1.35856,1.35951
2014-07-04 21:00:00,1.35952,1.36506,1.35762,1.36084
2014-07-11 21:00:00,1.36,1.36405,1.3491,1.35234
2014-07-18 21:00:00,1.35279,1.35491,1.34214,1.34305
2014-07-25 21:00:00,1.34312,1.34448,1.33671,1.34309
2014-08-01 21:00:00,1.34303,1.34333,1.33332,1.34122
2014-08-08 21:00:00,1.34096,1.34152,1.33361,1.34004
2014-08-15 21:00:00,1.33916,1.33992,1.32209,1.32427
2014-08-22 21:00:00,1.3196,1.32208,1.3132,1.31326
2014-08-29 21:00:00,1.31282,1.316,1.29202,1.29514
2014-09-05 21:00:00,1.29576,1.29792,1.28594,1.29632
2014-09-12 21:00:00,1.29734,1.29952,1.28284,1.28294
2014-09-19 21:00:00,1.28338,1.29016,1.26771,1.26854
2014-09-26 21:00:00,1.26841,1.27151,1.25006,1.25134
2014-10-03 21:00:00,1.25126,1.27915,1.25088,1.26302
2014-10-10 21:00:00,1.26308,1.28864,1.26206,1.27586
2014-10-17 21:00:00,1.27508,1.28403,1.26138,1.26708
2014-10-24 21:00:00,1.26769,1.27707,1.24858,1.25246
2014-10-31 21:00:00,1.25078,1.25774,1.23582,1.24552
2014-11-07 22:00:00,1.24725,1.25464,1.23946,1.25246
2014-11-14 22:00:00,1.25324,1.26002,1.2375,1.23912
2014-11-21 22:00:00,1.2363,1.25316,1.23621,1.2451
2014-11-28 22:00:00,1.2464,1.25068,1.2271,1.2287
2014-12-05 22:00:00,1.2289,1.24952,1.22474,1.2461
2014-12-12 22:00:00,1.24754,1.25696,1.22204,1.22278
2014-12-19 22:00:00,1.22232,1.22727,1.21648,1.21796
2014-12-26 22:00:00,1.21806,1.22211,1.2001,1.2002
2015-01-02 22:00:00,1.1955,1.19764,1.17543,1.18412
2015-01-09 22:00:00,1.18486,1.18711,1.14601,1.15679
2015-01-16 22:00:00,1.15526,1.16804,1.11144,1.12039
2015-01-23 22:00:00,1.1153,1.14229,1.10982,1.12853
2015-01-30 22:00:00,1.13121,1.15342,1.12926,1.1317
2015-02-06 22:00:00,1.12968,1.14433,1.12704,1.13915
2015-02-13 22:00:00,1.13999,1.14501,1.12792,1.13786
2015-02-20 22:00:00,1.13944,1.13967,1.1176,1.11968
2015-02-27 22:00:00,1.11826,1.12405,1.0841,1.08434
2015-03-06 22:00:00,1.08329,1.09064,1.04624,1.0496
2015-03-13 21:00:00,1.04704,1.10515,1.04698,1.08216
2015-03-20 21:00:00,1.0841,1.10526,1.07675,1.08906
2015-03-27 21:00:00,1.08868,1.10271,1.07132,1.09723
2015-04-03 21:00:00,1.10038,1.10356,1.05678,1.06018
2015-04-10 21:00:00,1.05874,1.08488,1.05205,1.08068
2015-04-17 21:00:00,1.08214,1.09002,1.06599,1.08748
2015-04-24 21:00:00,1.08652,1.12908,1.08194,1.11974
2015-05-01 21:00:00,1.11954,1.1392,1.10663,1.12032
2015-05-08 21:00:00,1.11982,1.1467,1.1131,1.14474
2015-05-15 21:00:00,1.14484,1.14502,1.10022,1.10128
2015-05-22 21:00:00,1.10032,1.10102,1.08191,1.09908
2015-05-29 21:00:00,1.09807,1.138,1.08873,1.11138
2015-06-05 21:00:00,1.10979,1.13866,1.10844,1.12681
2015-06-12 21:00:00,1.1212,1.14363,1.11893,1.13498
2015-06-19 21:00:00,1.1377,1.14104,1.11302,1.11732
2015-06-26 21:00:00,1.10061,1.12784,1.09546,1.11137
2015-07-03 21:00:00,1.0991,1.12159,1.09164,1.11552
2015-07-10 21:00:00,1.10952,1.11972,1.08286,1.08298
2015-07-17 21:00:00,1.08312,1.10182,1.08088,1.09823
2015-07-24 21:00:00,1.09834,1.113,1.08934,1.0985
2015-07-31 21:00:00,1.09728,1.09963,1.08482,1.09662
2015-08-07 21:00:00,1.09658,1.12139,1.09254,1.11094
2015-08-14 21:00:00,1.11197,1.13886,1.10174,1.1387
2015-08-21 21:00:00,1.13772,1.17142,1.1156,1.11842
2015-08-28 21:00:00,1.11842,1.13324,1.10874,1.11489
2015-09-04 21:00:00,1.11632,1.13494,1.11216,1.1338
2015-09-11 21:00:00,1.13324,1.14602,1.1214,1.13006
2015-09-18 21:00:00,1.1284,1.13304,1.11054,1.1198
2015-09-25 21:00:00,1.11858,1.13184,1.1135,1.12112
2015-10-02 21:00:00,1.12207,1.13872,1.11722,1.13586
2015-10-09 21:00:00,1.13634,1.14952,1.13344,1.13487
2015-10-16 21:00:00,1.13606,1.13868,1.09966,1.10174
2015-10-23 21:00:00,1.10015,1.1096,1.08971,1.10063
2015-10-30 21:00:00,1.1036,1.10526,1.07072,1.074
2015-11-06 22:00:00,1.07298,1.08317,1.06744,1.07724
2015-11-13 22:00:00,1.07419,1.07639,1.06173,1.0646
2015-11-20 22:00:00,1.064,1.06895,1.05667,1.0592
2015-11-27 22:00:00,1.05902,1.09813,1.05237,1.08823
2015-12-04 22:00:00,1.08748,1.10431,1.07962,1.09913
2015-12-11 22:00:00,1.09855,1.10598,1.08026,1.08657
2015-12-18 22:00:00,1.0856,1.09842,1.08478,1.09638
2015-12-25 22:00:00,1.09638,1.09926,1.0853,1.087
2016-01-01 22:00:00,1.08743,1.09464,1.07106,1.09263
2016-01-08 22:00:00,1.09199,1.09846,1.0805,1.09153
2016-01-15 22:00:00,1.09233,1.0976,1.07778,1.07983
2016-01-22 22:00:00,1.0793,1.09678,1.07874,1.0831
2016-01-29 22:00:00,1.08326,1.12476,1.08148,1.11572
2016-02-05 22:00:00,1.11434,1.13766,1.10867,1.12559
2016-02-12 22:00:00,1.12472,1.12472,1.10668,1.11303
2016-02-19 22:00:00,1.1111,1.11249,1.0912,1.09321
2016-02-26 22:00:00,1.09145,1.10436,1.08256,1.10049
2016-03-04 22:00:00,1.09904,1.12182,1.08223,1.11488
2016-03-11 22:00:00,1.11387,1.13424,1.10578,1.1271
2016-03-18 21:00:00,1.12608,1.12848,1.11446,1.11673
2016-03-25 21:00:00,1.11659,1.14381,1.11531,1.13917
2016-04-01 21:00:00,1.14014,1.14542,1.13272,1.13979
2016-04-08 21:00:00,1.14174,1.1465,1.12341,1.12836
2016-04-15 21:00:00,1.13028,1.1399,1.12182,1.12245
2016-04-22 21:00:00,1.12182,1.14592,1.12182,1.14497
2016-04-29 21:00:00,1.14616,1.16164,1.13861,1.14044
2016-05-06 21:00:00,1.1396,1.14468,1.1283,1.13081
2016-05-13 21:00:00,1.13116,1.1349,1.11801,1.12232
2016-05-20 21:00:00,1.12082,1.12434,1.11112,1.1113
2016-05-27 21:00:00,1.11134,1.1374,1.1098,1.13668
2016-06-03 21:00:00,1.13561,1.14158,1.12453,1.12514
2016-06-10 21:00:00,1.12509,1.13029,1.11309,1.12764
2016-06-17 21:00:00,1.13318,1.14282,1.09117,1.11082
2016-06-24 21:00:00,1.10125,1.11694,1.0971,1.11384
2016-07-01 21:00:00,1.11306,1.11868,1.10024,1.10502
2016-07-08 21:00:00,1.10502,1.1165,1.10156,1.10339
2016-07-15 21:00:00,1.10493,1.10844,1.09556,1.09774
2016-07-22 21:00:00,1.09746,1.11975,1.09523,1.11746
2016-07-29 21:00:00,1.11748,1.12338,1.10458,1.10872
2016-08-05 21:00:00,1.10809,1.12214,1.10707,1.11621
2016-08-12 21:00:00,1.11692,1.13664,1.11535,1.13254
2016-08-19 21:00:00,1.13098,1.13555,1.11806,1.11966
2016-08-26 21:00:00,1.11774,1.12522,1.11233,1.11554
2016-09-02 21:00:00,1.11572,1.13272,1.11393,1.12323
2016-09-09 21:00:00,1.12366,1.12841,1.11496,1.11574
2016-09-16 21:00:00,1.11524,1.12572,1.11232,1.12254
2016-09-23 21:00:00,1.12299,1.12792,1.11535,1.12425
2016-09-30 21:00:00,1.12305,1.12447,1.11046,1.12013
2016-10-07 21:00:00,1.11794,1.12046,1.09705,1.09712
2016-10-14 21:00:00,1.09692,1.10392,1.08592,1.08849
2016-10-21 21:00:00,1.08834,1.0992,1.0851,1.09875
2016-10-28 21:00:00,1.09918,1.11416,1.09359,1.11404
2016-11-04 21:00:00,1.10606,1.12998,1.08306,1.08563
2016-11-11 22:00:00,1.08332,1.08412,1.05692,1.05894
2016-11-18 22:00:00,1.05939,1.0658,1.05181,1.05933
2016-11-25 22:00:00,1.06118,1.069,1.05528,1.06665
2016-12-02 22:00:00,1.06301,1.08745,1.05056,1.0561
2016-12-09 22:00:00,1.05324,1.067,1.03666,1.04513
2016-12-16 22:00:00,1.0441,1.04994,1.03524,1.04554
2016-12-23 22:00:00,1.0454,1.0657,1.03723,1.05198
2016-12-30 22:00:00,1.04684,1.06224,1.03406,1.05323
2017-01-06 22:00:00,1.05304,1.06848,1.04539,1.06434
2017-01-13 22:00:00,1.06051,1.07194,1.05794,1.07012
2017-01-20 22:00:00,1.07014,1.07751,1.06579,1.06981
2017-01-27 22:00:00,1.07232,1.0829,1.06204,1.0785
2017-02-03 22:00:00,1.07898,1.07914,1.06077,1.06412
2017-02-10 22:00:00,1.06286,1.06792,1.05214,1.06161
2017-02-17 22:00:00,1.06082,1.06329,1.04938,1.0561
2017-02-24 22:00:00,1.05634,1.06308,1.0495,1.0622
2017-03-03 22:00:00,1.06092,1.0699,1.05252,1.06736
2017-03-10 22:00:00,1.06784,1.07827,1.06005,1.0738
2017-03-17 21:00:00,1.07336,1.0825,1.0719,1.07978
2017-03-24 21:00:00,1.0839,1.0906,1.06508,1.06548
2017-03-31 21:00:00,1.06624,1.0689,1.05807,1.05902
2017-04-07 21:00:00,1.05878,1.0678,1.05698,1.06129
2017-04-14 21:00:00,1.06175,1.07775,1.06028,1.07268
2017-04-21 21:00:00,1.0893,1.09508,1.08209,1.08962
2017-04-28 21:00:00,1.0913,1.09996,1.0875,1.09989
2017-05-05 21:00:00,1.102,1.10237,1.08393,1.09314
2017-05-12 21:00:00,1.09304,1.12118,1.09228,1.12068
2017-05-19 21:00:00,1.11962,1.12684,1.11606,1.11813
2017-05-26 21:00:00,1.11738,1.12852,1.11096,1.12825
2017-06-02 21:00:00,1.12736,1.12842,1.11664,1.11959
2017-06-09 21:00:00,1.12088,1.12958,1.11323,1.11966
2017-06-16 21:00:00,1.12078,1.12127,1.11191,1.11938
2017-06-23 21:00:00,1.12,1.14454,1.1172,1.14252
2017-06-30 21:00:00,1.14186,1.14397,1.13126,1.14001
2017-07-07 21:00:00,1.13985,1.14894,1.13706,1.14688
2017-07-14 21:00:00,1.14741,1.16826,1.1435,1.16642
2017-07-21 21:00:00,1.16635,1.1777,1.16128,1.17498
2017-07-28 21:00:00,1.17482,1.19108,1.17232,1.17734
2017-08-04 21:00:00,1.17738,1.18476,1.16888,1.18219
2017-08-11 21:00:00,1.1822,1.18384,1.16622,1.17607
2017-08-18 21:00:00,1.1755,1.19415,1.17314,1.19232
2017-08-25 21:00:00,1.19458,1.20705,1.18232,1.18598
2017-09-01 21:00:00,1.18842,1.20928,1.18684,1.20353
2017-09-08 21:00:00,1.20179,1.20297,1.18373,1.19476
2017-09-15 21:00:00,1.19205,1.20353,1.18616,1.19478
2017-09-22 21:00:00,1.18988,1.19363,1.1717,1.1815
2017-09-29 21:00:00,1.17919,1.18156,1.16692,1.17326
2017-10-06 21:00:00,1.17324,1.188,1.17197,1.18234
2017-10-13 21:00:00,1.1814,1.18668,1.17302,1.17799
2017-10-20 21:00:00,1.17799,1.1837,1.15741,1.1608
2017-10-27 21:00:00,1.16096,1.16914,1.15936,1.16101
2017-11-03 21:00:00,1.16172,1.1678,1.15539,1.1665
2017-11-10 22:00:00,1.16585,1.18612,1.16376,1.1791
2017-11-17 22:00:00,1.1791,1.19442,1.1713,1.19325
2017-11-24 22:00:00,1.19242,1.19612,1.18086,1.18974
2017-12-01 22:00:00,1.1865,1.1879,1.173,1.17721
2017-12-08 22:00:00,1.17642,1.18628,1.17177,1.17503
2017-12-15 22:00:00,1.17459,1.19016,1.17382,1.18617
2017-12-22 22:00:00,1.18688,1.20256,1.18466,1.20039
2017-12-29 22:00:00,1.20071,1.2089,1.2001,1.20297
2018-01-05 22:00:00,1.20271,1.22193,1.19159,1.21968
2018-01-12 22:00:00,1.21935,1.2323,1.21653,1.22211
2018-01-19 22:00:00,1.22716,1.25374,1.22141,1.24296
2018-01-26 22:00:00,1.2428,1.25233,1.23349,1.24566
2018-02-02 22:00:00,1.24359,1.2475,1.2206,1.22512
2018-02-09 22:00:00,1.2249,1.2556,1.22352,1.24097
2018-02-16 22:00:00,1.24027,1.24354,1.22596,1.22957
2018-02-23 22:00:00,1.22952,1.2355,1.21542,1.23183
2018-03-02 22:00:00,1.23336,1.24465,1.22689,1.23059
2018-03-09 22:00:00,1.23138,1.24126,1.22604,1.22895
2018-03-16 21:00:00,1.22863,1.23884,1.22398,1.23524
2018-03-23 21:00:00,1.235,1.24767,1.22842,1.23241
2018-03-30 21:00:00,1.23213,1.2345,1.22149,1.22811
2018-04-06 21:00:00,1.2287,1.23976,1.22604,1.23306
2018-04-13 21:00:00,1.23342,1.2414,1.22498,1.22884
2018-04-20 21:00:00,1.22735,1.22896,1.20556,1.21303
2018-04-27 21:00:00,1.21245,1.2139,1.19102,1.19619
2018-05-04 21:00:00,1.19581,1.19782,1.18224,1.1941
2018-05-11 21:00:00,1.19436,1.19964,1.17499,1.17694
2018-05-18 21:00:00,1.17728,1.18301,1.16453,1.1649
2018-05-25 21:00:00,1.16868,1.17288,1.151,1.16591
2018-06-01 21:00:00,1.16591,1.18399,1.16525,1.1769
2018-06-08 21:00:00,1.17752,1.18518,1.15431,1.16089
2018-06-15 21:00:00,1.15884,1.16754,1.1508,1.16574
2018-06-22 21:00:00,1.16647,1.17212,1.15272,1.16847
2018-06-29 21:00:00,1.16803,1.17684,1.15914,1.17457
2018-07-06 21:00:00,1.17444,1.17908,1.16128,1.16858
2018-07-13 21:00:00,1.16908,1.17448,1.15748,1.17227
2018-07-20 21:00:00,1.17266,1.17514,1.16204,1.16568
2018-07-27 21:00:00,1.1657,1.17462,1.15596,1.15674
2018-08-03 21:00:00,1.15688,1.1628,1.13882,1.14119
2018-08-10 21:00:00,1.13715,1.1445,1.1301,1.14376
2018-08-17 21:00:00,1.14395,1.16402,1.13946,1.1622
2018-08-24 21:00:00,1.16154,1.17337,1.15844,1.16019
2018-08-31 21:00:00,1.15982,1.16594,1.15302,1.15521
2018-09-07 21:00:00,1.15477,1.17218,1.1526,1.1625
2018-09-14 21:00:00,1.1626,1.1803,1.16178,1.17482
2018-09-21 21:00:00,1.17457,1.18151,1.15698,1.16027
2018-09-28 21:00:00,1.16182,1.16253,1.14636,1.15221
2018-10-05 21:00:00,1.15231,1.16106,1.14322,1.15597
2018-10-12 21:00:00,1.15404,1.16216,1.14332,1.15142
2018-10-19 21:00:00,1.15164,1.15503,1.13357,1.14033
2018-10-26 21:00:00,1.13934,1.14562,1.1302,1.13875
2018-11-02 21:00:00,1.13883,1.15004,1.1316,1.13371
2018-11-09 22:00:00,1.13232,1.14207,1.12155,1.14184
2018-11-16 22:00:00,1.14138,1.14722,1.13276,1.13359
2018-11-23 22:00:00,1.13406,1.14018,1.12674,1.13159
2018-11-30 22:00:00,1.1352,1.14239,1.1311,1.13795
2018-12-07 22:00:00,1.13922,1.14428,1.12701,1.13052
2018-12-14 22:00:00,1.13028,1.14856,1.12998,1.13718
2018-12-21 22:00:00,1.13728,1.14728,1.13432,1.14448
2018-12-28 22:00:00,1.14372,1.1497,1.13091,1.13951
2019-01-04 22:00:00,1.13974,1.15702,1.13972,1.14687
2019-01-11 22:00:00,1.14609,1.14898,1.13532,1.1362
2019-01-18 22:00:00,1.13616,1.14176,1.12894,1.14057
2019-01-25 22:00:00,1.14016,1.15144,1.13904,1.14562
2019-02-01 22:00:00,1.14521,1.14603,1.13212,1.13224
2019-02-08 22:00:00,1.13202,1.13415,1.12343,1.12946
2019-02-15 22:00:00,1.12926,1.13712,1.12756,1.13342
2019-02-22 22:00:00,1.13359,1.14197,1.13286,1.13648
2019-03-01 22:00:00,1.13828,1.13831,1.11764,1.12347
2019-03-08 22:00:00,1.12336,1.13444,1.12218,1.1325
2019-03-15 21:00:00,1.13226,1.14482,1.12736,1.13014
2019-03-22 21:00:00,1.1293,1.13314,1.121,1.12178
2019-03-29 21:00:00,1.12296,1.12546,1.11839,1.12162
2019-04-05 21:00:00,1.12176,1.13239,1.12144,1.12988
2019-04-12 21:00:00,1.13046,1.13237,1.12263,1.12452
2019-04-19 21:00:00,1.12447,1.1262,1.11115,1.11472
2019-04-26 21:00:00,1.11465,1.12649,1.11354,1.12013
2019-05-03 21:00:00,1.11738,1.12536,1.11666,1.12336
2019-05-10 21:00:00,1.12348,1.12636,1.11553,1.11574
2019-05-17 21:00:00,1.1161,1.12121,1.11072,1.12038
2019-05-24 21:00:00,1.12099,1.12152,1.11162,1.11688
2019-05-31 21:00:00,1.11664,1.13478,1.11603,1.13333
2019-06-07 21:00:00,1.13213,1.13434,1.12025,1.12096
2019-06-14 21:00:00,1.12108,1.13778,1.11816,1.13688
2019-06-21 21:00:00,1.13719,1.14122,1.13442,1.13721
2019-06-28 21:00:00,1.13614,1.13711,1.12076,1.12255
2019-07-05 21:00:00,1.12248,1.12858,1.11935,1.12706
2019-07-12 21:00:00,1.12705,1.12839,1.11998,1.12206
2019-07-19 21:00:00,1.12175,1.12254,1.11014,1.1128
2019-07-26 21:00:00,1.11252,1.1162,1.1027,1.11084
2019-08-02 21:00:00,1.11045,1.12496,1.11045,1.12001
2019-08-09 21:00:00,1.1198,1.12308,1.10665,1.10904
2019-08-16 21:00:00,1.10942,1.11532,1.10518,1.11434
2019-08-23 21:00:00,1.11522,1.11641,1.09632,1.09905
2019-08-30 21:00:00,1.09894,1.10848,1.09262,1.10279
2019-09-06 21:00:00,1.10256,1.11096,1.09268,1.10743
2019-09-13 21:00:00,1.10748,1.10864,1.09903,1.10182
2019-09-20 21:00:00,1.10163,1.10255,1.09048,1.09404
2019-09-27 21:00:00,1.0941,1.09994,1.08792,1.09782
2019-10-04 21:00:00,1.09824,1.10628,1.0941,1.10384
2019-10-11 21:00:00,1.1033,1.11724,1.09914,1.11708
2019-10-18 21:00:00,1.11708,1.11794,1.1073,1.10795
2019-10-25 21:00:00,1.10804,1.11756,1.10737,1.11654
2019-11-01 21:00:00,1.11692,1.11756,1.10168,1.10192
2019-11-08 22:00:00,1.10246,1.10569,1.09891,1.10514
2019-11-15 22:00:00,1.10517,1.1097,1.10146,1.10198
2019-11-22 22:00:00,1.10176,1.10322,1.09812,1.10191
2019-11-29 22:00:00,1.10242,1.11163,1.10031,1.10599
2019-12-06 22:00:00,1.10599,1.11996,1.10534,1.11209
2019-12-13 22:00:00,1.11289,1.11746,1.10664,1.10765
2019-12-20 22:00:00,1.1081,1.11883,1.10691,1.11758
2019-12-27 22:00:00,1.11773,1.12392,1.11249,1.11592
2020-01-03 22:00:00,1.11665,1.12056,1.10851,1.11205
2020-01-10 22:00:00,1.11205,1.11726,1.10864,1.10902
2020-01-17 22:00:00,1.1093,1.1118,1.10198,1.10252
2020-01-24 22:00:00,1.10342,1.10956,1.09924,1.10945
2020-01-31 22:00:00,1.10956,1.10956,1.0942,1.09463
2020-02-07 22:00:00,1.0945,1.09576,1.08273,1.0831
2020-02-14 22:00:00,1.0842,1.08636,1.0778,1.08474
2020-02-21 22:00:00,1.08149,1.10532,1.08051,1.10277
2020-02-28 22:00:00,1.10446,1.13548,1.10364,1.12839
2020-03-06 22:00:00,1.1351,1.14963,1.1055,1.11054
2020-03-13 21:00:00,1.10692,1.12367,1.06377,1.06964
2020-03-20 21:00:00,1.07077,1.11476,1.0636,1.11415
2020-03-27 21:00:00,1.11194,1.11448,1.07728,1.08056
2020-04-03 21:00:00,1.0809,1.0953,1.07684,1.09357
2020-04-10 21:00:00,1.0949,1.09911,1.0812,1.08739
2020-04-17 21:00:00,1.0871,1.08968,1.07272,1.08232
2020-04-24 21:00:00,1.08228,1.10192,1.08096,1.09794
2020-05-01 21:00:00,1.09715,1.09749,1.07667,1.08384
2020-05-08 21:00:00,1.08323,1.08965,1.0775,1.08197
2020-05-15 21:00:00,1.08132,1.10085,1.07998,1.09024
2020-05-22 21:00:00,1.09012,1.11454,1.08706,1.11053
2020-05-29 21:00:00,1.11053,1.13839,1.11004,1.12916
2020-06-05 21:00:00,1.12982,1.14224,1.12126,1.12554
2020-06-12 21:00:00,1.12344,1.13534,1.11684,1.11776
2020-06-19 21:00:00,1.11822,1.13487,1.11685,1.12184
2020-06-26 21:00:00,1.12187,1.13026,1.11848,1.12479
2020-07-03 21:00:00,1.12473,1.13707,1.12432,1.13002
2020-07-10 21:00:00,1.13092,1.1452,1.13009,1.14282
2020-07-17 21:00:00,1.14138,1.16581,1.14024,1.16558
2020-07-24 21:00:00,1.1647,1.19088,1.16422,1.1779
2020-07-31 21:00:00,1.1779,1.1917,1.1696,1.1786
2020-08-07 21:00:00,1.17934,1.18642,1.17112,1.18426
2020-08-14 21:00:00,1.18425,1.19658,1.17542,1.17963
2020-08-21 21:00:00,1.17945,1.19198,1.17625,1.19046
2020-08-28 21:00:00,1.19075,1.20114,1.17808,1.18383
2020-09-04 21:00:00,1.18475,1.19172,1.17528,1.18468
2020-09-11 21:00:00,1.18399,1.19006,1.17372,1.184
2020-09-18 21:00:00,1.18423,1.18719,1.16124,1.16316
2020-09-25 21:00:00,1.1626,1.17698,1.16154,1.17167
2020-10-02 21:00:00,1.1713,1.18314,1.17057,1.18283
2020-10-09 21:00:00,1.18127,1.18269,1.16886,1.17174
2020-10-16 21:00:00,1.1721,1.18808,1.17033,1.18612
2020-10-23 21:00:00,1.18529,1.18605,1.164,1.1648
2020-10-30 21:00:00,1.16501,1.1891,1.16027,1.18737
2020-11-06 22:00:00,1.18906,1.19202,1.17456,1.18348
2020-11-13 22:00:00,1.18421,1.18938,1.18143,1.18564
2020-11-20 22:00:00,1.18558,1.19644,1.18002,1.19634
2020-11-27 22:00:00,1.19618,1.21775,1.19232,1.21218
2020-12-04 22:00:00,1.21323,1.21664,1.20588,1.21122
2020-12-11 22:00:00,1.21379,1.22728,1.21157,1.22563
2020-12-18 22:00:00,1.22221,1.22571,1.21294,1.21849
2020-12-25 22:00:00,1.21892,1.23102,1.21812,1.22156
2021-01-01 22:00:00,1.224,1.23496,1.2193,1.2221
2021-01-08 22:00:00,1.2219,1.22274,1.2075,1.20804
2021-01-15 22:00:00,1.2084,1.21896,1.20536,1.21718
2021-01-22 22:00:00,1.21716,1.21834,1.20585,1.21376
2021-01-29 22:00:00,1.2131,1.21365,1.19524,1.20466
2021-02-05 22:00:00,1.20382,1.21496,1.20198,1.21204
2021-02-12 22:00:00,1.21252,1.21696,1.20233,1.21184
2021-02-19 22:00:00,1.21173,1.22431,1.20622,1.20734
2021-02-26 22:00:00,1.20713,1.21134,1.18934,1.1913
2021-03-05 22:00:00,1.19188,1.199,1.18356,1.19525
2021-03-12 22:00:00,1.19516,1.1989,1.18739,1.19042
2021-03-19 21:00:00,1.1874,1.1947,1.17618,1.17941
2021-03-26 21:00:00,1.17941,1.17941,1.17042,1.17602
2021-04-02 21:00:00,1.17608,1.19275,1.17376,1.18998
2021-04-09 21:00:00,1.18906,1.1995,1.18712,1.19822
2021-04-16 21:00:00,1.19734,1.21002,1.19426,1.20968
2021-04-23 21:00:00,1.20926,1.215,1.20168,1.202
2021-04-30 21:00:00,1.2033,1.21716,1.1986,1.21632
2021-05-07 21:00:00,1.2164,1.21818,1.20514,1.21457
2021-05-14 21:00:00,1.21474,1.22454,1.21262,1.21817
2021-05-21 21:00:00,1.21768,1.22664,1.21326,1.21921
2021-05-28 21:00:00,1.2201,1.22545,1.2104,1.21668
2021-06-04 21:00:00,1.21671,1.22181,1.20926,1.2109
2021-06-11 21:00:00,1.21088,1.21474,1.18474,1.18642
2021-06-18 21:00:00,1.18572,1.19754,1.18477,1.19361
2021-06-25 21:00:00,1.19355,1.19447,1.18075,1.18654
2021-07-02 21:00:00,1.18665,1.18954,1.17815,1.1877
2021-07-09 21:00:00,1.1876,1.18802,1.17719,1.18052
2021-07-16 21:00:00,1.181,1.18306,1.17518,1.17717
2021-07-23 21:00:00,1.17735,1.19088,1.17635,1.18671
2021-07-30 21:00:00,1.18623,1.18998,1.17544,1.17616
2021-08-06 21:00:00,1.17643,1.18049,1.1706,1.17954
2021-08-13 21:00:00,1.17961,1.18012,1.1664,1.1699
2021-08-20 21:00:00,1.1697,1.18025,1.1693,1.17944
2021-08-27 21:00:00,1.1796,1.19092,1.17828,1.18791
2021-09-03 21:00:00,1.18802,1.18864,1.1802,1.18107
2021-09-10 21:00:00,1.18156,1.18459,1.17243,1.17243
2021-09-17 21:00:00,1.17319,1.17556,1.16834,1.17206
2021-09-24 21:00:00,1.17281,1.17281,1.15626,1.1593
2021-10-01 21:00:00,1.1598,1.16402,1.15291,1.15744
2021-10-08 21:00:00,1.15715,1.16244,1.15244,1.1599
2021-10-15 21:00:00,1.15931,1.16695,1.15718,1.16459
2021-10-22 21:00:00,1.16412,1.16923,1.15352,1.15619
2021-10-29 21:00:00,1.15596,1.16166,1.15133,1.15681
2021-11-05 21:00:00,1.1559,1.16089,1.1433,1.14433
2021-11-12 22:00:00,1.14486,1.1464,1.12498,1.12819
2021-11-19 22:00:00,1.12814,1.13343,1.11862,1.13102
2021-11-26 22:00:00,1.13026,1.1383,1.1235,1.13109
2021-12-03 22:00:00,1.1303,1.13548,1.12274,1.13178
2021-12-10 22:00:00,1.13153,1.13604,1.12218,1.1236
2021-12-17 22:00:00,1.1238,1.13436,1.12347,1.13105
2021-12-24 22:00:00,1.13183,1.13864,1.12738,1.1373
2021-12-31 22:00:00,1.13725,1.13795,1.12724,1.13616
2022-01-07 22:00:00,1.13598,1.14827,1.1285,1.14154
2022-01-14 22:00:00,1.1416,1.14344,1.1301,1.13444
2022-01-21 22:00:00,1.13434,1.13466,1.11214,1.11492
2022-01-28 22:00:00,1.11453,1.14839,1.11382,1.14516
2022-02-04 22:00:00,1.14615,1.1495,1.13298,1.13472
2022-02-11 22:00:00,1.13403,1.1396,1.12801,1.13237
2022-02-18 22:00:00,1.13221,1.13909,1.11064,1.12712
2022-02-25 22:00:00,1.12712,1.12712,1.08858,1.09376
2022-03-04 22:00:00,1.09294,1.11216,1.0806,1.0912
2022-03-11 22:00:00,1.09228,1.11376,1.09006,1.10512
2022-03-18 21:00:00,1.106,1.10704,1.0961,1.09847
2022-03-25 21:00:00,1.09862,1.11849,1.09446,1.10494
2022-04-01 21:00:00,1.10401,1.10545,1.08364,1.08762
2022-04-08 21:00:00,1.09182,1.09334,1.07574,1.08149
2022-04-15 21:00:00,1.08058,1.09364,1.07612,1.07974
2022-04-22 21:00:00,1.08079,1.08158,1.04713,1.05453
2022-04-29 21:00:00,1.05543,1.0642,1.04828,1.05458
2022-05-06 21:00:00,1.05425,1.05926,1.03492,1.04072
2022-05-13 21:00:00,1.04058,1.06072,1.03892,1.05554
2022-05-20 21:00:00,1.05648,1.07652,1.05586,1.07334
2022-05-27 21:00:00,1.07375,1.0787,1.06273,1.07194
2022-06-03 21:00:00,1.07222,1.07742,1.05059,1.05204
2022-06-10 21:00:00,1.05154,1.06014,1.03593,1.04938
2022-06-17 21:00:00,1.04841,1.06058,1.04688,1.05564
2022-06-24 21:00:00,1.05571,1.06151,1.03655,1.04265
2022-07-01 21:00:00,1.04245,1.04629,1.00716,1.01854
2022-07-08 21:00:00,1.01783,1.01836,0.99522,1.00878
2022-07-15 21:00:00,1.00853,1.02781,1.00787,1.02151
2022-07-22 21:00:00,1.02145,1.02579,1.00968,1.02266
2022-07-29 21:00:00,1.02175,1.0294,1.01228,1.01814
2022-08-05 21:00:00,1.01755,1.03688,1.01592,1.0259
2022-08-12 21:00:00,1.02571,1.02683,1.00321,1.00416
2022-08-19 21:00:00,1.00405,1.00902,0.99006,0.99632
2022-08-26 21:00:00,0.9946,1.00792,0.99108,0.99564
2022-09-02 21:00:00,0.99294,1.01136,0.9864,1.00467
2022-09-09 21:00:00,1.0102,1.01978,0.99452,1.0017
2022-09-16 21:00:00,1.00122,1.00507,0.96682,0.96914
2022-09-23 21:00:00,0.96755,0.98539,0.9536,0.98016
2022-09-30 21:00:00,0.97969,0.99996,0.97262,0.97422
2022-10-07 21:00:00,0.97356,0.98088,0.96315,0.97237
2022-10-14 21:00:00,0.97253,0.98757,0.97049,0.98605
2022-10-21 21:00:00,0.98679,1.00938,0.9807,0.9966
2022-10-28 21:00:00,0.99548,0.9976,0.97302,0.99589
2022-11-04 21:00:00,0.99086,1.03642,0.99048,1.03542
2022-11-11 22:00:00,1.03351,1.04815,1.02716,1.03223
2022-11-18 22:00:00,1.03253,1.04485,1.02227,1.03965
2022-11-25 22:00:00,1.03769,1.05452,1.02904,1.05406
2022-12-02 22:00:00,1.05357,1.0595,1.04434,1.0533
2022-12-09 22:00:00,1.05328,1.07362,1.0506,1.05848
2022-12-16 22:00:00,1.0589,1.06595,1.05734,1.06162
2022-12-23 22:00:00,1.06357,1.07133,1.06067,1.07039
2022-12-30 22:00:00,1.06999,1.0709,1.04833,1.06444
2023-01-06 22:00:00,1.0642,1.0868,1.06394,1.08324
2023-01-13 22:00:00,1.08311,1.08876,1.07662,1.08555
2023-01-20 22:00:00,1.0865,1.09296,1.08352,1.08679
2023-01-27 22:00:00,1.08646,1.1033,1.07928,1.07939
2023-02-03 22:00:00,1.07843,1.07991,1.06662,1.06774
2023-02-10 22:00:00,1.06834,1.08047,1.06128,1.06937
2023-02-17 22:00:00,1.06878,1.07048,1.05362,1.05457
2023-02-24 22:00:00,1.05484,1.06915,1.05328,1.06342
2023-03-03 22:00:00,1.06273,1.0701,1.05244,1.06386
2023-03-10 22:00:00,1.06824,1.076,1.05161,1.06656
2023-03-17 21:00:00,1.0689,1.09298,1.06313,1.07598
2023-03-24 21:00:00,1.0775,1.09264,1.0745,1.08422
2023-03-31 21:00:00,1.08416,1.09734,1.07882,1.09012
2023-04-07 21:00:00,1.09026,1.1076,1.08314,1.09944
2023-04-14 21:00:00,1.09901,1.09999,1.09092,1.09893
2023-04-21 21:00:00,1.099,1.10956,1.09626,1.1017
2023-04-28 21:00:00,1.10207,1.1092,1.09422,1.10188
2023-05-05 21:00:00,1.10231,1.10538,1.0848,1.08498
2023-05-12 21:00:00,1.08553,1.09048,1.076,1.08062
2023-05-19 21:00:00,1.08078,1.08313,1.07018,1.07252
2023-05-26 21:00:00,1.07223,1.0779,1.06352,1.07078
2023-06-02 21:00:00,1.07086,1.07872,1.0667,1.07496
2023-06-09 21:00:00,1.07492,1.09708,1.07331,1.09416
2023-06-16 21:00:00,1.09422,1.1012,1.08444,1.0896
2023-06-23 21:00:00,1.0899,1.09766,1.08354,1.0911
2023-06-30 21:00:00,1.0911,1.09733,1.08336,1.09688
2023-07-07 21:00:00,1.0961,1.12451,1.09436,1.12274
2023-07-14 21:00:00,1.12346,1.12757,1.11078,1.11256
2023-07-21 21:00:00,1.11275,1.11498,1.09436,1.10171
2023-07-28 21:00:00,1.10195,1.10459,1.09122,1.10096
2023-08-04 21:00:00,1.10175,1.10652,1.0929,1.09468
2023-08-11 21:00:00,1.09532,1.09604,1.0845,1.08727
2023-08-18 21:00:00,1.08702,1.09304,1.07658,1.07944
2023-08-25 21:00:00,1.0797,1.09456,1.07721,1.07752
2023-09-01 21:00:00,1.07784,1.0809,1.06861,1.06992
2023-09-08 21:00:00,1.07156,1.07694,1.06319,1.06592
2023-09-15 21:00:00,1.06627,1.07369,1.0615,1.06448
2023-09-22 21:00:00,1.06546,1.06557,1.0488,1.05744
2023-09-29 21:00:00,1.0572,1.06002,1.04485,1.05872
2023-10-06 21:00:00,1.05532,1.06399,1.04954,1.0509
2023-10-13 21:00:00,1.05132,1.06168,1.05104,1.05948
2023-10-20 21:00:00,1.05968,1.06946,1.05218,1.05652
2023-10-27 21:00:00,1.05696,1.07469,1.05166,1.07286
2023-11-03 21:00:00,1.0725,1.07564,1.06562,1.06847
2023-11-10 22:00:00,1.06842,1.09143,1.06651,1.09127
2023-11-17 22:00:00,1.09106,1.09652,1.08524,1.09399
2023-11-24 22:00:00,1.09452,1.10173,1.08289,1.08833
2023-12-01 22:00:00,1.08786,1.0895,1.07237,1.0761
2023-12-08 22:00:00,1.07588,1.10094,1.07416,1.08947
2023-12-15 22:00:00,1.08976,1.10404,1.08921,1.10146
2023-12-22 22:00:00,1.10086,1.11396,1.10079,1.10374
2023-12-29 22:00:00,1.1044,1.10453,1.0877,1.09442
2024-01-05 22:00:00,1.09487,1.09996,1.09102,1.09508
2024-01-12 22:00:00,1.09474,1.09676,1.08446,1.08976
2024-01-19 22:00:00,1.08929,1.09324,1.08129,1.08546
2024-01-26 22:00:00,1.08434,1.08976,1.078,1.0787
2024-02-02 22:00:00,1.07861,1.07955,1.07227,1.07857
2024-02-09 22:00:00,1.07842,1.08058,1.0695,1.07768
2024-02-16 22:00:00,1.07742,1.08885,1.07616,1.08206
2024-02-23 22:00:00,1.08314,1.0866,1.0796,1.08398
2024-03-01 22:00:00,1.08401,1.09813,1.08379,1.09388
2024-03-08 22:00:00,1.09428,1.0964,1.0873,1.08882
2024-03-15 21:00:00,1.08907,1.09427,1.08018,1.08077
2024-03-22 21:00:00,1.0809,1.08644,1.07682,1.07932
2024-03-29 21:00:00,1.07915,1.08766,1.07245,1.08376
2024-04-05 21:00:00,1.08383,1.08851,1.06228,1.06417
2024-04-12 21:00:00,1.06372,1.06901,1.06011,1.06564
2024-04-19 21:00:00,1.06535,1.0753,1.0624,1.06932
2024-04-26 21:00:00,1.06938,1.08126,1.06494,1.0763
2024-05-03 21:00:00,1.07642,1.07909,1.0724,1.07708
2024-05-10 21:00:00,1.0773,1.08951,1.07658,1.08697
2024-05-17 21:00:00,1.0868,1.08846,1.08048,1.08468
2024-05-24 21:00:00,1.08505,1.08891,1.07882,1.08486
2024-05-31 21:00:00,1.08504,1.0916,1.07993,1.08017
2024-06-07 21:00:00,1.07699,1.08524,1.06676,1.07028
2024-06-14 21:00:00,1.07068,1.07614,1.0671,1.06927
2024-06-21 21:00:00,1.06891,1.07465,1.0666,1.07131
2024-06-28 21:00:00,1.0744,1.08426,1.071,1.08384
2024-07-05 21:00:00,1.08062,1.09114,1.08044,1.0907
2024-07-12 21:00:00,1.08854,1.09482,1.08716,1.08821
2024-07-19 21:00:00,1.08847,1.0903,1.08256,1.08558
2024-07-26 21:00:00,1.08592,1.09267,1.07774,1.09111
2024-08-02 21:00:00,1.09213,1.10089,1.08814,1.09156
2024-08-09 21:00:00,1.09171,1.10474,1.09102,1.1028
2024-08-16 21:00:00,1.10278,1.12009,1.10228,1.11928
2024-08-23 21:00:00,1.11902,1.12017,1.1044,1.1047
2024-08-30 21:00:00,1.10489,1.11556,1.10264,1.10856
2024-09-06 21:00:00,1.10827,1.1102,1.1002,1.10756
2024-09-13 21:00:00,1.10802,1.11892,1.10686,1.11636
2024-09-20 21:00:00,1.11628,1.12142,1.10832,1.1164
2024-09-27 21:00:00,1.11595,1.1209,1.09514,1.0975
2024-10-04 21:00:00,1.09678,1.09973,1.09001,1.0937
2024-10-11 21:00:00,1.09328,1.09367,1.08112,1.08674
2024-10-18 21:00:00,1.08614,1.08718,1.07612,1.07962
2024-10-25 21:00:00,1.0794,1.09058,1.0769,1.08336
2024-11-01 21:00:00,1.08819,1.09374,1.06826,1.07186
2024-11-08 22:00:00,1.071,1.0728,1.04963,1.054
2024-11-15 22:00:00,1.05306,1.06098,1.03319,1.04186
2024-11-22 22:00:00,1.04786,1.05973,1.0425,1.05778
2024-11-29 22:00:00,1.05687,1.063,1.04606,1.05673
2024-12-06 22:00:00,1.05593,1.05944,1.04532,1.05025
2024-12-13 22:00:00,1.04894,1.05344,1.0343,1.04294
2024-12-20 22:00:00,1.04316,1.04462,1.03836,1.04266
2024-12-27 22:00:00,1.04316,1.04584,1.02241,1.0309
2025-01-03 22:00:00,1.03057,1.0437,1.02128,1.02442
2025-01-10 22:00:00,1.02404,1.03548,1.01779,1.02718
2025-01-17 22:00:00,1.02825,1.05215,1.02664,1.04953
2025-01-24 22:00:00,1.04808,1.05333,1.035,1.03606
2025-01-31 22:00:00,1.02454,1.04432,1.02105,1.0327
2025-02-07 22:00:00,1.02925,1.05144,1.02838,1.0492
2025-02-14 22:00:00,1.04862,1.05065,1.04009,1.04608
2025-02-21 22:00:00,1.0469,1.0529,1.036,1.03754
2025-02-28 22:00:00,1.04048,1.0889,1.03886,1.08334
2025-03-07 22:00:00,1.08302,1.09472,1.0805,1.08789
2025-03-14 21:00:00,1.08812,1.09548,1.07969,1.08155
2025-03-21 21:00:00,1.08156,1.08583,1.0733,1.08308
2025-03-28 21:00:00,1.08281,1.11464,1.07783,1.09645
2025-04-04 21:00:00,1.08926,1.14739,1.08814,1.136
2025-04-11 21:00:00,1.13214,1.14247,1.1264,1.1395
2025-04-18 21:00:00,1.13973,1.15734,1.1308,1.13636
2025-04-25 21:00:00,1.13658,1.1425,1.12658,1.13005
2025-05-02 21:00:00,1.13062,1.13813,1.11967,1.12487
2025-05-09 21:00:00,1.11998,1.1266,1.10654,1.11654
2025-05-16 21:00:00,1.11788,1.13759,1.11714,1.13649
2025-05-23 21:00:00,1.13672,1.14189,1.12105,1.13478
2025-05-30 21:00:00,1.13491,1.14951,1.1347,1.13966
2025-06-06 21:00:00,1.13992,1.16319,1.13729,1.1551
2025-06-13 21:00:00,1.15332,1.16148,1.14463,1.15222
2025-06-20 21:00:00,1.1457,1.1754,1.14536,1.17185
2025-06-27 21:00:00,1.1731,1.18299,1.1708,1.17774
2025-07-04 21:00:00,1.17857,1.17902,1.16624,1.16911
2025-07-11 21:00:00,1.16702,1.17217,1.15569,1.16254
2025-07-18 21:00:00,1.16297,1.17888,1.16147,1.17417
2025-07-25 21:00:00,1.17558,1.17706,1.13916,1.15874
2025-08-01 21:00:00,1.15924,1.16988,1.15278,1.16416
2025-08-08 21:00:00,1.16496,1.17303,1.15902,1.1705
2025-08-15 21:00:00,1.17133,1.17428,1.1583,1.1722
2025-08-22 21:00:00,1.17236,1.17284,1.1574,1.16858
2025-08-29 21:00:00,1.1696,1.17596,1.16082,1.1718
2025-09-05 21:00:00,1.1714,1.17801,1.16606,1.17368
2025-09-12 21:00:00,1.17331,1.19188,1.17162,1.17472
2025-09-19 21:00:00,1.17385,1.182,1.16456,1.17002
2025-09-26 21:00:00,1.1703,1.17787,1.16832,1.17429
2025-10-03 21:00:00,1.17266,1.17309,1.1542,1.16224
2025-10-10 21:00:00,1.16114,1.17285,1.15424,1.16511
2025-10-17 21:00:00,1.1667,1.16756,1.1577,1.16254
2025-10-24 21:00:00,1.16358,1.16688,1.15216,1.15363
2025-10-31 21:00:00,1.15317,1.15911,1.14686,1.15664
2025-11-07 22:00:00,1.15578,1.16562,1.15412,1.1622
2025-11-14 22:00:00,1.16199,1.16246,1.14912,1.1513
2025-11-21 22:00:00,1.15193,1.16136,1.15019,1.15985
2025-11-28 22:00:00,1.15938,1.1682,1.15894,1.16438
2025-12-05 22:00:00,1.16401,1.16722,1.16151,1.1654
